lr,u_norm,min_pair_l2,med_pair_l2,sep_ratio,krum_idx_flower,krum_idx_ref,krum_sel_agree,krum_score_best,krum_score_margin_rel,gap_krum,gap_multikrum3,gap_median,gap_trimmed,noise_fedavg,noise_krum,noise_multikrum3,noise_median,noise_trimmed
5.000000000000e-01,1.499643847931e+01,9.898816854593e-02,1.807081423804e-01,6.600778490341e-03,3,3,1,3.000355928452e-01,8.817467426758e-03,1.564470621350e-02,7.394372417784e-03,4.370349116185e-03,2.798177610313e-03,4.440892098501e-16,2.220446049250e-16,2.220446049250e-16,0.000000000000e+00,4.440892098501e-16
2.320794416806e-01,1.498478695151e+01,4.753670674640e-02,9.020399067829e-02,3.172331171622e-03,3,3,1,7.373423921035e-02,1.412126066213e-02,7.786140733369e-03,3.691118737694e-03,1.952563164471e-03,1.426713557494e-03,6.661338147751e-16,2.220446049250e-16,4.440892098501e-16,0.000000000000e+00,4.440892098501e-16
1.077217345016e-01,1.497940178832e+01,2.243561928978e-02,4.330974061281e-02,1.497764704280e-03,3,3,1,1.692802524862e-02,1.543633171102e-02,3.734043598193e-03,1.891814418412e-03,9.383006709274e-04,6.954565024110e-04,4.440892098501e-16,2.220446049250e-16,4.440892098501e-16,0.000000000000e+00,4.440892098501e-16
5.000000000000e-02,1.497690859426e+01,1.049672235985e-02,2.035714125249e-02,7.008604141358e-04,3,3,1,3.757994651543e-03,1.520932436107e-02,1.759752157850e-03,8.941858778476e-04,4.457543387253e-04,3.302509870655e-04,6.661338147751e-16,2.220446049250e-16,4.440892098501e-16,0.000000000000e+00,4.440892098501e-16
2.320794416806e-02,1.497575290472e+01,4.890357606341e-03,9.503612222418e-03,3.265517024389e-04,3,3,1,8.210553937193e-04,1.511776042712e-02,8.225973150646e-04,4.185424128366e-04,2.091315083184e-04,1.549229317541e-04,4.440892098501e-16,2.220446049250e-16,4.440892098501e-16,0.000000000000e+00,4.440892098501e-16
1.077217345016e-02,1.497521683397e+01,2.273859159447e-03,4.423058388828e-03,1.518414848117e-04,3,3,1,1.780483144717e-04,1.507852214391e-02,3.830708413535e-04,1.950270913967e-04,9.755343727424e-05,7.226383124458e-05,4.440892098501e-16,2.220446049250e-16,2.220446049250e-16,0.000000000000e+00,4.440892098501e-16
5.000000000000e-03,1.497496808998e+01,1.056287589116e-03,2.055569198748e-03,7.053688413687e-05,3,3,1,3.847579135576e-05,1.506104086275e-02,1.780768115591e-04,9.068695443371e-05,4.538465610038e-05,3.361867145170e-05,6.661338147751e-16,2.220446049250e-16,4.440892098501e-16,0.000000000000e+00,4.440892098501e-16
2.320794416806e-03,1.497485265026e+01,4.904699473939e-04,9.546647778147e-04,3.275290641242e-05,3,3,1,8.301035786592e-06,1.505308724353e-02,8.271440569257e-05,4.212839091811e-05,2.108820150815e-05,1.562097460731e-05,4.440892098501e-16,2.220446049250e-16,4.440892098501e-16,0.000000000000e+00,4.440892098501e-16
1.077217345016e-03,1.497479907158e+01,2.276958044665e-04,4.432356042365e-04,1.520526608592e-05,3,3,1,1.789573278840e-06,1.504943036061e-02,3.840523050502e-05,1.956186137242e-05,9.793128362690e-06,7.254186898911e-06,6.661338147751e-16,2.220446049250e-16,4.440892098501e-16,0.000000000000e+00,4.440892098501e-16
5.000000000000e-04,1.497477420335e+01,1.056956129391e-04,2.057574910487e-04,7.058244184774e-06,3,3,1,3.856688805080e-07,1.504774052483e-02,1.782884512280e-05,9.081448237969e-06,4.546613183720e-06,3.367865315823e-06,4.440892098501e-16,2.220446049250e-16,4.440892098501e-16,0.000000000000e+00,8.881784197001e-16
2.320794416806e-04,1.497476266071e+01,4.906140707550e-05,9.550971546364e-05,3.276272765525e-06,3,3,1,8.310154537492e-08,1.504695779983e-02,8.276002104624e-06,4.215587480649e-06,2.110576204695e-06,1.563390530736e-06,4.440892098501e-16,2.220446049250e-16,4.440892098501e-16,0.000000000000e+00,4.440892098501e-16
1.077217345016e-04,1.497475730313e+01,2.277268639828e-05,4.433287829317e-05,1.520738262217e-06,3,3,1,1.790485575748e-08,1.504659484498e-02,3.841505993252e-06,1.956778347911e-06,9.796912381344e-07,7.256973537303e-07,4.440892098501e-16,2.220446049250e-16,3.330669073875e-16,0.000000000000e+00,4.440892098501e-16
5.000000000000e-05,1.497475481637e+01,1.057023054172e-05,2.057775683831e-05,7.058700240063e-07,3,3,1,3.857601297844e-09,1.504642645275e-02,1.783096299779e-06,9.082724204967e-07,4.547428498203e-07,3.368465759171e-07,4.440892098501e-16,2.220446049250e-16,4.440892098501e-16,0.000000000000e+00,4.440892098501e-16
2.320794416806e-05,1.497475366212e+01,4.906284901589e-06,9.551404125359e-06,3.276371025722e-07,3,3,1,8.311067121163e-10,1.504634829490e-02,8.276458406953e-07,4.215862386969e-07,2.110751866624e-07,1.563519900424e-07,6.661338147751e-16,2.220446049250e-16,4.440892098501e-16,0.000000000000e+00,4.440892098501e-16
1.077217345016e-05,1.497475312636e+01,2.277299706265e-06,4.433381028206e-06,1.520759432257e-07,3,3,1,1.790576838287e-10,1.504631202455e-02,3.841604302446e-07,1.956837574202e-07,9.797290823066e-08,7.257252263720e-08,8.881784197001e-16,2.220446049250e-16,4.440892098501e-16,0.000000000000e+00,4.440892098501e-16
5.000000000000e-06,1.497475287769e+01,1.057029747310e-06,2.057795763167e-06,7.058745850056e-08,3,3,1,3.857692562238e-11,1.504629524180e-02,1.783117479781e-07,9.082851815112e-08,4.547510057407e-08,3.368525811065e-08,4.440892098501e-16,2.220446049250e-16,4.440892098501e-16,0.000000000000e+00,4.440892098501e-16
2.320794416806e-06,1.497475276226e+01,4.906299319852e-07,9.551447385355e-07,3.276380850985e-08,3,3,1,8.311158386367e-12,1.504628731770e-02,8.276504032123e-08,4.215889870540e-08,2.110769425911e-08,1.563532837923e-08,4.440892098501e-16,2.220446049250e-16,4.440892098501e-16,0.000000000000e+00,4.440892098501e-16
1.077217345016e-06,1.497475270869e+01,2.277302813928e-07,4.433390348520e-07,1.520761549943e-08,11,3,0,1.790585964435e-12,1.504628376094e-02,3.469131498735e-08,1.463999121931e-08,9.797328504035e-09,7.257280144890e-09,4.440892098501e-16,5.465492391998e-08,2.168667057045e-08,0.000000000000e+00,4.440892098501e-16
5.000000000000e-07,1.497475268382e+01,1.057030415700e-07,2.057797771310e-07,7.058750404890e-09,7,3,0,3.857701690912e-13,1.504628204354e-02,2.784998576200e-08,1.307380410875e-08,4.547518361875e-09,3.368531814596e-09,4.440892098501e-16,3.225524736195e-08,1.583493680624e-08,0.000000000000e+00,4.440892098501e-16
2.320794416806e-07,1.497475267228e+01,4.906300770372e-08,9.551451709635e-08,3.276381839317e-09,13,3,0,8.311167519433e-14,1.504628215934e-02,1.212240239440e-08,7.270772095502e-09,2.110771113450e-09,1.563534135496e-09,4.440892098501e-16,1.184680789579e-08,7.062278976899e-09,0.000000000000e+00,4.440892098501e-16
1.077217345016e-07,1.497475266692e+01,2.277303134346e-08,4.433391293857e-08,1.520761768157e-09,2,3,0,1.790586882790e-14,1.504628380585e-02,6.696460646410e-09,4.426329186860e-09,9.797329614258e-10,7.257282899631e-10,8.881784197001e-16,8.912355048407e-09,5.381435035437e-09,0.000000000000e+00,4.440892098501e-16
5.000000000000e-08,1.497475266443e+01,1.057030512043e-08,2.057797960167e-08,7.058751057392e-10,6,3,0,3.857702623009e-15,1.504627135314e-02,5.354562924997e-09,2.164796730764e-09,4.547515697340e-10,3.368532466852e-10,4.440892098501e-16,5.499145458443e-09,1.519964820673e-09,0.000000000000e+00,4.440892098501e-16
2.320794416806e-08,1.497475266328e+01,4.906301049832e-09,9.551452043460e-09,3.276382027907e-10,6,3,0,8.311168361531e-16,1.504629032358e-02,2.485367973926e-09,9.344074194950e-10,2.110769337094e-10,1.563534232640e-10,6.661338147751e-16,2.552477236517e-09,9.237933126793e-10,0.000000000000e+00,4.440892098501e-16
1.077217345016e-08,1.497475266274e+01,2.277303267920e-09,4.433391291234e-09,1.520761857780e-10,2,3,0,1.790587038713e-16,1.504626428703e-02,6.696460833761e-10,2.163398349353e-10,9.797318512028e-11,7.257282969020e-11,6.661338147751e-16,8.912355436985e-10,3.239328805194e-10,0.000000000000e+00,4.440892098501e-16
5.000000000000e-09,1.497475266250e+01,1.057030425942e-09,2.057797852910e-09,7.058750483337e-11,8,3,0,3.857702508800e-17,1.504628900051e-02,2.981730973239e-10,1.791831127917e-10,4.547517917786e-11,3.368532536241e-11,4.440892098501e-16,3.577039775493e-10,2.436663093519e-10,0.000000000000e+00,4.440892098501e-16
2.320794416806e-09,1.497475266238e+01,4.906301452101e-10,9.551451747519e-10,3.276382296735e-11,0,3,0,8.311168491473e-18,1.504629274197e-02,1.799699833605e-10,8.518786370759e-11,2.110733809957e-11,1.563534024474e-11,6.661338147751e-16,1.993971654457e-10,7.903433463241e-11,0.000000000000e+00,4.440892098501e-16
1.077217345016e-09,1.497475266233e+01,2.277304738703e-10,4.433390311404e-10,1.520762839998e-11,13,3,0,1.790587377308e-18,1.504587893730e-02,5.626720617213e-11,3.970485745741e-11,9.797274103107e-12,7.257285050688e-12,4.440892098501e-16,5.498801414205e-11,3.921218905134e-11,0.000000000000e+00,4.440892098501e-16
5.000000000000e-10,1.497475266230e+01,1.057028755492e-10,2.057796745538e-10,7.058739328318e-12,1,3,0,3.857701512196e-19,1.504631625794e-02,1.806743643584e-11,9.661382804893e-12,4.547473508865e-12,3.368541556803e-12,4.440892098501e-16,2.000100085553e-11,1.252942194441e-11,0.000000000000e+00,2.220446049250e-16
2.320794416806e-10,1.497475266229e+01,4.906284696836e-11,9.551460603695e-11,3.276371107745e-12,0,3,0,8.311169636330e-20,1.504695383191e-02,1.799704829608e-11,5.986877660291e-12,2.110756014417e-12,1.563534024474e-12,4.440892098501e-16,1.993971654457e-11,8.833628273308e-12,0.000000000000e+00,4.440892098501e-16
1.077217345016e-10,1.497475266229e+01,2.277301795456e-11,4.433381236387e-11,1.520760874530e-12,12,3,0,1.790577297041e-20,1.504876893972e-02,4.195505054483e-12,2.804700915959e-12,9.796607969292e-13,7.257250356218e-13,6.661338147751e-16,4.975353462555e-12,4.193867475522e-12,0.000000000000e+00,4.440892098501e-16
5.000000000000e-11,1.497475266228e+01,1.057033095850e-11,2.057814935051e-11,7.058768312833e-13,4,3,0,3.857681351371e-21,1.505332721611e-02,1.954159056794e-12,1.420835671340e-12,4.547473508865e-13,3.368624823530e-13,4.440892098501e-16,2.535971432849e-12,1.397985893714e-12,0.000000000000e+00,4.440892098501e-16
2.320794416806e-11,1.497475266228e+01,4.906584691871e-12,9.551317593157e-12,3.276571441630e-13,5,3,0,8.311327292425e-22,1.503982832062e-02,7.219780329137e-13,5.546119119515e-13,2.109423746788e-13,1.563471574428e-13,4.440892098501e-16,1.369238056270e-12,6.799283358561e-13,0.000000000000e+00,4.440892098501e-16
1.077217345016e-11,1.497475266228e+01,2.277645348912e-12,4.433219831366e-12,1.520990296320e-13,1,3,0,1.790699941932e-22,1.501572066602e-02,3.892441924336e-13,3.798072967243e-13,9.792167077194e-14,7.256001355316e-14,4.440892098501e-16,4.309885781595e-13,5.187517082561e-13,0.000000000000e+00,4.440892098501e-16
5.000000000000e-12,1.497475266228e+01,1.057144439758e-12,2.057806324303e-12,7.059511857054e-14,8,3,0,3.857662498674e-23,1.508444415424e-02,2.981503932631e-13,1.107031133429e-13,4.551914400963e-14,3.368139100957e-14,6.661338147751e-16,3.577138585342e-13,1.221245327088e-13,0.000000000000e+00,4.440892098501e-16
