arm,model,partition,optimiser,driver,rule,rounds,seeds,gap_r1,gap_r10,gap_r50,gap_rlate,decay_r1_to_late,gap_min,gap_min_round,gap_min_seed,noise_floor,orders_above_floor,disp_r1,disp_rlate,disp_decay,spearman_gap_disp,loglog_slope,spearman_gap_round,relgap_r1,relgap_rlate,test_acc_r1,test_acc_rlate,krum_sel_agree_frac,krum_margin_min
primary,logreg,dir0.1,fullbatch,fedavg,krum,300,3,2.250219e-01,1.207834e-01,6.094761e-02,2.852650e-02,7.888,2.589683e-02,300,2,8.881784e-16,13.46,5.219228e-02,1.462623e-02,3.568,0.994,1.404,-0.954,3.198833e+00,1.243802e-02,0.5794,0.9721,1.0000,3.014e-05
primary,logreg,dir0.1,fullbatch,fedavg,multikrum3,300,3,1.265689e-01,8.080955e-02,4.806208e-02,1.894878e-02,6.680,1.695783e-02,300,0,8.881784e-16,13.28,5.219228e-02,1.462623e-02,3.568,0.793,1.472,-0.866,1.591766e+00,8.071240e-03,0.5794,0.9721,1.0000,3.014e-05
primary,logreg,dir0.1,fullbatch,fedavg,median,300,3,7.227901e-02,5.112467e-02,2.991208e-02,1.688656e-02,4.280,1.316204e-02,187,2,8.881784e-16,13.17,5.219228e-02,1.462623e-02,3.568,0.942,1.199,-0.835,1.005157e+00,7.362818e-03,0.5794,0.9721,1.0000,3.014e-05
primary,logreg,dir0.1,fullbatch,fedavg,trimmed,300,3,5.427151e-02,4.462903e-02,2.677547e-02,1.558621e-02,3.482,1.286032e-02,300,2,8.881784e-16,13.16,5.219228e-02,1.462623e-02,3.568,0.977,1.098,-0.897,8.065995e-01,6.835264e-03,0.5794,0.9721,1.0000,3.014e-05
primary,logreg,dir0.1,sgd,fedavg,krum,300,3,2.430691e-01,1.249427e-01,7.573853e-02,4.212998e-02,5.770,2.703959e-02,298,2,1.332268e-15,13.31,7.991895e-02,2.176256e-02,3.672,0.833,1.589,-0.711,1.409938e+00,1.453121e-02,0.5961,0.9721,1.0000,8.472e-04
primary,logreg,dir0.1,sgd,fedavg,multikrum3,300,3,2.271258e-01,1.118863e-01,5.227979e-02,3.023235e-02,7.513,2.060425e-02,291,2,1.332268e-15,13.19,7.991895e-02,2.176256e-02,3.672,0.689,1.613,-0.691,1.308873e+00,9.312188e-03,0.5961,0.9721,1.0000,8.472e-04
primary,logreg,dir0.1,sgd,fedavg,median,300,3,1.693018e-01,6.395959e-02,3.134855e-02,2.068620e-02,8.184,1.838992e-02,299,2,1.332268e-15,13.14,7.991895e-02,2.176256e-02,3.672,0.885,1.345,-0.838,9.648223e-01,6.966456e-03,0.5961,0.9721,1.0000,8.472e-04
primary,logreg,dir0.1,sgd,fedavg,trimmed,300,3,1.445249e-01,5.268422e-02,3.102784e-02,2.010522e-02,7.188,1.745147e-02,265,1,1.332268e-15,13.12,7.991895e-02,2.176256e-02,3.672,0.882,1.306,-0.878,7.910502e-01,6.539871e-03,0.5961,0.9721,1.0000,8.472e-04
primary,logreg,dir0.5,fullbatch,fedavg,krum,300,3,1.582445e-01,7.893223e-02,3.698453e-02,2.617368e-02,6.046,1.874216e-02,300,1,1.332268e-15,13.15,3.755903e-02,9.029193e-03,4.160,0.699,0.970,-0.687,1.628170e+00,1.109830e-02,0.7799,0.9721,1.0000,7.953e-06
primary,logreg,dir0.5,fullbatch,fedavg,multikrum3,300,3,8.381118e-02,4.959565e-02,2.601962e-02,1.296603e-02,6.464,1.223431e-02,300,1,1.332268e-15,12.96,3.755903e-02,9.029193e-03,4.160,0.860,1.338,-0.836,9.842311e-01,5.497927e-03,0.7799,0.9721,1.0000,7.953e-06
primary,logreg,dir0.5,fullbatch,fedavg,median,300,3,5.888280e-02,3.520626e-02,2.054961e-02,1.018047e-02,5.784,9.675658e-03,300,0,1.332268e-15,12.86,3.755903e-02,9.029193e-03,4.160,0.727,0.900,-0.703,6.079098e-01,4.244166e-03,0.7799,0.9721,1.0000,7.953e-06
primary,logreg,dir0.5,fullbatch,fedavg,trimmed,300,3,3.666208e-02,2.113617e-02,1.300683e-02,7.772091e-03,4.717,6.700416e-03,300,1,1.332268e-15,12.70,3.755903e-02,9.029193e-03,4.160,0.917,0.989,-0.894,3.772144e-01,3.295564e-03,0.7799,0.9721,1.0000,7.953e-06
primary,logreg,dir0.5,sgd,fedavg,krum,300,3,2.053757e-01,8.453517e-02,5.629389e-02,2.773742e-02,7.404,1.824046e-02,295,0,1.332268e-15,13.14,7.138560e-02,1.557135e-02,4.584,0.712,1.105,-0.704,8.451961e-01,8.209219e-03,0.8273,0.9749,1.0000,7.769e-05
primary,logreg,dir0.5,sgd,fedavg,multikrum3,300,3,1.381669e-01,8.424582e-02,5.291346e-02,2.553157e-02,5.412,1.543148e-02,240,0,1.332268e-15,13.06,7.138560e-02,1.557135e-02,4.584,0.691,1.250,-0.834,5.437727e-01,8.011405e-03,0.8273,0.9749,1.0000,7.769e-05
primary,logreg,dir0.5,sgd,fedavg,median,300,3,1.051842e-01,4.405333e-02,2.515629e-02,1.703702e-02,6.174,1.249833e-02,299,0,1.332268e-15,12.97,7.138560e-02,1.557135e-02,4.584,0.775,1.169,-0.696,4.382732e-01,5.042308e-03,0.8273,0.9749,1.0000,7.769e-05
primary,logreg,dir0.5,sgd,fedavg,trimmed,300,3,8.989369e-02,3.502429e-02,1.871781e-02,1.275588e-02,7.047,9.497462e-03,278,1,1.332268e-15,12.85,7.138560e-02,1.557135e-02,4.584,0.762,1.227,-0.693,3.492967e-01,4.002593e-03,0.8273,0.9749,1.0000,7.769e-05
primary,logreg,iid,fullbatch,fedavg,krum,300,3,5.058434e-02,3.102531e-02,2.095653e-02,1.097371e-02,4.610,8.396695e-03,300,2,1.332268e-15,12.80,1.550865e-02,4.806261e-03,3.227,0.816,1.465,-0.827,4.829642e-01,4.399754e-03,0.8858,0.9721,1.0000,3.267e-05
primary,logreg,iid,fullbatch,fedavg,multikrum3,300,3,2.897109e-02,1.809147e-02,1.154174e-02,8.218854e-03,3.525,5.778629e-03,300,0,1.332268e-15,12.64,1.550865e-02,4.806261e-03,3.227,0.802,1.097,-0.788,2.949748e-01,3.295232e-03,0.8858,0.9721,1.0000,3.267e-05
primary,logreg,iid,fullbatch,fedavg,median,300,3,1.220323e-02,8.962579e-03,5.588584e-03,4.041280e-03,3.020,3.532925e-03,245,1,1.332268e-15,12.42,1.550865e-02,4.806261e-03,3.227,0.794,0.993,-0.771,1.165783e-01,1.590526e-03,0.8858,0.9721,1.0000,3.267e-05
primary,logreg,iid,fullbatch,fedavg,trimmed,300,3,6.494326e-03,5.628907e-03,3.673715e-03,2.568185e-03,2.529,2.565610e-03,300,1,1.332268e-15,12.28,1.550865e-02,4.806261e-03,3.227,0.643,0.762,-0.594,6.437692e-02,1.047099e-03,0.8858,0.9721,1.0000,3.267e-05
primary,logreg,iid,sgd,fedavg,krum,300,3,1.026767e-01,5.510809e-02,4.076243e-02,2.074705e-02,4.949,1.588068e-02,275,2,1.332268e-15,13.08,3.348210e-02,9.835417e-03,3.404,0.693,1.633,-0.800,3.986387e-01,6.221132e-03,0.8858,0.9749,1.0000,4.360e-05
primary,logreg,iid,sgd,fedavg,multikrum3,300,3,6.293178e-02,3.622731e-02,2.432674e-02,1.479077e-02,4.255,1.134302e-02,258,0,1.332268e-15,12.93,3.348210e-02,9.835417e-03,3.404,0.784,1.365,-0.796,2.534420e-01,4.202830e-03,0.8858,0.9749,1.0000,4.360e-05
primary,logreg,iid,sgd,fedavg,median,300,3,2.409319e-02,1.577482e-02,9.670263e-03,8.238588e-03,2.924,6.930423e-03,261,0,1.332268e-15,12.72,3.348210e-02,9.835417e-03,3.404,0.801,1.039,-0.743,9.702932e-02,2.466574e-03,0.8858,0.9749,1.0000,4.360e-05
primary,logreg,iid,sgd,fedavg,trimmed,300,3,1.356695e-02,9.219763e-03,7.497217e-03,5.716307e-03,2.373,4.899185e-03,294,0,1.332268e-15,12.57,3.348210e-02,9.835417e-03,3.404,0.703,0.873,-0.567,5.267323e-02,1.720221e-03,0.8858,0.9749,1.0000,4.360e-05
model,mlp,dir0.5,sgd,fedavg,krum,300,3,2.020723e-01,6.084966e-02,3.108248e-02,7.982720e-03,25.314,5.427883e-03,287,1,8.881784e-16,12.79,4.044156e-02,3.698099e-03,10.936,0.900,1.085,-0.940,2.889743e-01,3.205135e-03,0.7103,0.9833,1.0000,1.515e-05
model,mlp,dir0.5,sgd,fedavg,multikrum3,300,3,1.183695e-01,3.096057e-02,2.163857e-02,9.735613e-03,12.158,3.997134e-03,275,1,8.881784e-16,12.65,4.044156e-02,3.698099e-03,10.936,0.930,1.139,-0.922,1.881836e-01,3.908937e-03,0.7103,0.9833,1.0000,1.515e-05
model,mlp,dir0.5,sgd,fedavg,median,300,3,8.342502e-02,2.386413e-02,1.043254e-02,3.780813e-03,22.065,3.242504e-03,285,2,8.881784e-16,12.56,4.044156e-02,3.698099e-03,10.936,0.928,1.116,-0.869,1.420192e-01,1.812303e-03,0.7103,0.9833,1.0000,1.515e-05
model,mlp,dir0.5,sgd,fedavg,trimmed,300,3,6.236646e-02,1.821518e-02,7.277563e-03,3.347367e-03,18.631,1.851377e-03,299,1,8.881784e-16,12.32,4.044156e-02,3.698099e-03,10.936,0.876,1.181,-0.782,1.061700e-01,1.343998e-03,0.7103,0.9833,1.0000,1.515e-05
model,mlp,iid,sgd,fedavg,krum,300,3,8.815091e-02,4.238290e-02,1.953205e-02,5.021791e-03,17.554,4.552836e-03,295,0,8.881784e-16,12.71,2.096713e-02,2.589013e-03,8.099,0.928,1.324,-0.977,1.421721e-01,2.129444e-03,0.7883,0.9833,1.0000,2.502e-05
model,mlp,iid,sgd,fedavg,multikrum3,300,3,4.925911e-02,2.410376e-02,1.643150e-02,5.659302e-03,8.704,3.901315e-03,298,1,8.881784e-16,12.64,2.096713e-02,2.589013e-03,8.099,0.947,1.045,-0.913,8.301505e-02,2.265691e-03,0.7883,0.9833,1.0000,2.502e-05
model,mlp,iid,sgd,fedavg,median,300,3,2.418184e-02,1.053478e-02,6.752120e-03,2.289543e-03,10.562,1.920627e-03,284,1,8.881784e-16,12.33,2.096713e-02,2.589013e-03,8.099,0.954,1.010,-0.915,3.311552e-02,9.675611e-04,0.7883,0.9833,1.0000,2.502e-05
model,mlp,iid,sgd,fedavg,trimmed,300,3,1.252099e-02,6.058208e-03,5.634511e-03,1.881435e-03,6.655,1.424578e-03,292,1,8.881784e-16,12.21,2.096713e-02,2.589013e-03,8.099,0.966,1.000,-0.963,1.822932e-02,7.409755e-04,0.7883,0.9833,1.0000,2.502e-05
driver,logreg,dir0.5,sgd,krum,krum,300,3,2.053757e-01,1.898278e-01,8.849165e-02,7.033189e-02,2.920,5.376629e-02,132,1,1.332268e-15,13.61,7.138560e-02,3.065582e-02,2.329,0.686,1.501,-0.660,8.451961e-01,2.243663e-02,0.2786,0.9053,1.0000,3.906e-05
driver,logreg,dir0.5,sgd,krum,multikrum3,300,3,1.381669e-01,1.485199e-01,8.137061e-02,5.387016e-02,2.565,3.318526e-02,174,1,1.332268e-15,13.40,7.138560e-02,3.065582e-02,2.329,0.575,1.472,-0.520,5.437727e-01,1.718516e-02,0.2786,0.9053,1.0000,3.906e-05
driver,logreg,dir0.5,sgd,krum,median,300,3,1.051842e-01,7.869433e-02,6.642141e-02,5.107424e-02,2.059,2.685519e-02,228,1,1.332268e-15,13.30,7.138560e-02,3.065582e-02,2.329,0.624,1.352,-0.298,4.382732e-01,1.629323e-02,0.2786,0.9053,1.0000,3.906e-05
driver,logreg,dir0.5,sgd,krum,trimmed,300,3,8.989369e-02,5.827356e-02,4.704213e-02,4.485663e-02,2.004,1.983190e-02,160,1,1.332268e-15,13.17,7.138560e-02,3.065582e-02,2.329,0.700,1.448,-0.351,3.492967e-01,1.430975e-02,0.2786,0.9053,1.0000,3.906e-05
driver,logreg,iid,sgd,krum,krum,300,3,1.026767e-01,5.839037e-02,5.152676e-02,4.740037e-02,2.166,2.741945e-02,299,0,1.776357e-15,13.19,3.348210e-02,1.750933e-02,1.912,0.452,1.579,-0.191,3.986387e-01,1.387842e-02,0.6212,0.9192,1.0000,3.747e-05
driver,logreg,iid,sgd,krum,multikrum3,300,3,6.293178e-02,4.070276e-02,3.135106e-02,3.374132e-02,1.865,2.112224e-02,40,0,1.776357e-15,13.08,3.348210e-02,1.750933e-02,1.912,0.307,1.122,0.073,2.534420e-01,9.879168e-03,0.6212,0.9192,1.0000,3.747e-05
driver,logreg,iid,sgd,krum,median,300,3,2.409319e-02,1.519890e-02,1.310843e-02,1.665577e-02,1.447,1.030967e-02,38,0,1.776357e-15,12.76,3.348210e-02,1.750933e-02,1.912,0.573,0.948,0.333,9.702932e-02,4.959862e-03,0.6212,0.9192,1.0000,3.747e-05
driver,logreg,iid,sgd,krum,trimmed,300,3,1.356695e-02,8.719608e-03,8.050994e-03,9.248203e-03,1.467,6.314119e-03,23,1,1.776357e-15,12.55,3.348210e-02,1.750933e-02,1.912,0.393,0.944,0.019,5.267323e-02,2.707795e-03,0.6212,0.9192,1.0000,3.747e-05
longrun,logreg,iid,fullbatch,fedavg,krum,2000,1,5.457412e-02,3.102531e-02,2.095653e-02,1.360380e-02,4.012,6.675123e-03,2000,0,1.776357e-15,12.57,1.455149e-02,4.806261e-03,3.028,1.000,1.339,-1.000,5.597708e-01,5.546533e-03,0.8273,0.9721,1.0000,3.267e-05
longrun,logreg,iid,fullbatch,fedavg,multikrum3,2000,1,2.875818e-02,1.809147e-02,9.767009e-03,5.778629e-03,4.977,4.324137e-03,2000,0,1.776357e-15,12.39,1.455149e-02,4.806261e-03,3.028,0.832,0.921,-0.832,2.949748e-01,2.356059e-03,0.8273,0.9721,1.0000,3.267e-05
longrun,logreg,iid,fullbatch,fedavg,median,2000,1,1.136565e-02,7.086773e-03,5.611961e-03,4.176815e-03,2.721,2.251809e-03,1866,0,1.776357e-15,12.10,1.455149e-02,4.806261e-03,3.028,0.995,1.111,-0.995,1.165783e-01,1.702968e-03,0.8273,0.9721,1.0000,3.267e-05
longrun,logreg,iid,fullbatch,fedavg,trimmed,2000,1,6.712965e-03,5.628907e-03,3.673715e-03,2.568185e-03,2.614,1.460510e-03,2000,0,1.776357e-15,11.91,1.455149e-02,4.806261e-03,3.028,1.000,1.101,-1.000,6.885539e-02,1.047099e-03,0.8273,0.9721,1.0000,3.267e-05
